{
	"id": "splugpack",
	"name": "The Technomancer",
	"version": "1.0.5",
	"authors" : "Technomancer Development Team<LINE><LINE>Niko - Project Lead, Lead Coder, Lead Leditor<LINE>Lurzard - Menu Art<LINE>Supernova, LunarCatPlays - Lediting"
	"hide_version": false,
	"requirements": ["slime-cubed.slugbase", "moreslugcats"],
    "requirements_names": ["SlugBase", "More Slugcats Expansion"],
	"description": "Adds a new playable slugcat to the game: The Technomancer!<LINE>With the ability to manipulate the ancient technologies around you to your whim, what might you do with it?",
	"tags": ["Campaigns"]
	}