{
  "id": "voyager",
  "name": "THE VOYAGER",
  "description": "As each cycle gets colder than the last, you must find your way in a world increasingly hostile.",
  "features": {
	"color" : "febee4",
    "custom_colors": [
      { "name": "Body", "story": "febee4" },
      { "name": "Eyes", "story": "0a0a0a" }
    ],
    "start_room": "CC_S04",
	"world_state" : "Saint",
    "select_menu_scene": "Slugcat_Scholar",
	
	"walk_speed" : 0.9,
	"climb_speed" : 2.1,
	"crouch_stealth" : 1.5,
	"throw_skill" : 2.7,
	"tunnel_speed" : 1.3,
	"can_maul": true,
	"back_spear": true,
	
	"cycle_length_min" : 1.5,
	"cycle_length_max" : 2.1,
	"food_min" : 8,
	"food_max" : 14,
	
	"alignments": {
      "Scavengers": { "like": -0.1 },
      "Lizards": { "like": -0.1 }
    },
	
	"diet": {
      "base": "Red",
      "corpses": 0.5,
	  "overrides": {
        "DangleFruit": 0.25
      }
    }
  }
}