{
	"id": "Slugcat_Technomancer",
	"scene_folder": "slugbase/scenes/slugcat_technomancer",
	"images": [
		{"name": "flat", "pos": [0, 0], "depth": -1.0, "flatmode": true},
        {"name": "background", "pos": [367, 175], "depth":  2.5, "shader": "Basic"},
        {"name": "backgrass", "pos": [500, 230], "depth":  2.1, "shader": "Basic"},
        {"name": "wiring", "pos": [480, 390], "depth":  1.9, "shader": "Basic"},
        {"name": "backsparks", "pos": [670, 420], "depth":  1.8, "shader": "Basic"},
        {"name": "machine", "pos": [650, 230], "depth":  1.7, "shader": "Basic"},
        {"name": "frontsparks", "pos": [655, 460], "depth":  1.6, "shader": "Basic"},
        {"name": "techy", "pos": [490, 285], "depth":  1.4, "shader": "Basic"},
        {"name": "grass", "pos": [440, 190], "depth":  1.1, "shader": "Basic"}
	],
	"idle_depths": [1.4, 1.9],
    "slugcat_depth": 1.4
}