{
	"id": "Sleep_Technomancer",
	"scene_folder": "slugbase/scenes/technomancer_sleep",
	"images": [
		{"name": "sleep scene - friend - flat", "pos": [0, 0], "depth": -1.0, "flatmode": true},
		{"name": "sleep - 5", "pos": [672, 236], "depth": 5.5, "shader": "Basic"},
		{"name": "sleep - 4", "pos": [685, 138], "depth": 4.8, "shader": "Basic"},
		{"name": "sleep - 3", "pos": [740, 138], "depth": 4, "shader": "Basic"},
		{"name": "techy", "pos": [830, 137], "depth": 3, "shader": "Basic"},
		{"name": "sleep - 1", "pos": [498, -38], "depth": 1.8, "shader": "Basic"}
	],
	"idle_depths": [2.9],
	"sleep scene_depth": 3.0
}